<?xml version='1.0' encoding='UTF-8'?><profile><name>CNSI_HTML_ALL</name><language>web</language><rules><rule><repositoryKey>Web</repositoryKey><key>AvoidCommentedOutCodeCheck</key><priority>MINOR</priority><parameters/></rule><rule><repositoryKey>Web</repositoryKey><key>AvoidHtmlCommentCheck</key><priority>MAJOR</priority><parameters/></rule><rule><repositoryKey>Web</repositoryKey><key>BoldAndItalicTagsCheck</key><priority>MINOR</priority><parameters/></rule><rule><repositoryKey>Web</repositoryKey><key>DoctypePresenceCheck</key><priority>CRITICAL</priority><parameters/></rule><rule><repositoryKey>Web</repositoryKey><key>DoubleQuotesCheck</key><priority>MINOR</priority><parameters/></rule><rule><repositoryKey>Web</repositoryKey><key>FieldsetWithoutLegendCheck</key><priority>MINOR</priority><parameters/></rule><rule><repositoryKey>Web</repositoryKey><key>FileLengthCheck</key><priority>MINOR</priority><parameters><parameter><key>maxLength</key><value>1000</value></parameter></parameters></rule><rule><repositoryKey>Web</repositoryKey><key>FlashUsesBothObjectAndEmbedCheck</key><priority>CRITICAL</priority><parameters/></rule><rule><repositoryKey>Web</repositoryKey><key>FrameWithoutTitleCheck</key><priority>MAJOR</priority><parameters/></rule><rule><repositoryKey>Web</repositoryKey><key>IllegalElementCheck</key><priority>MAJOR</priority><parameters/></rule><rule><repositoryKey>Web</repositoryKey><key>IllegalNamespaceCheck</key><priority>MAJOR</priority><parameters/></rule><rule><repositoryKey>Web</repositoryKey><key>IllegalTagLibsCheck</key><priority>BLOCKER</priority><parameters><parameter><key>tagLibs</key><value>http://java.sun.com/jstl/sql</value></parameter></parameters></rule><rule><repositoryKey>Web</repositoryKey><key>ImgWithoutAltCheck</key><priority>MINOR</priority><parameters/></rule><rule><repositoryKey>Web</repositoryKey><key>InlineStyleCheck</key><priority>MAJOR</priority><parameters/></rule><rule><repositoryKey>Web</repositoryKey><key>InputWithoutLabelCheck</key><priority>CRITICAL</priority><parameters/></rule><rule><repositoryKey>Web</repositoryKey><key>ItemTagNotWithinContainerTagCheck</key><priority>MAJOR</priority><parameters/></rule><rule><repositoryKey>Web</repositoryKey><key>JspScriptletCheck</key><priority>MAJOR</priority><parameters/></rule><rule><repositoryKey>Web</repositoryKey><key>LinkToImageCheck</key><priority>MAJOR</priority><parameters/></rule><rule><repositoryKey>Web</repositoryKey><key>LinksIdenticalTextsDifferentTargetsCheck</key><priority>CRITICAL</priority><parameters/></rule><rule><repositoryKey>Web</repositoryKey><key>LongJavaScriptCheck</key><priority>MINOR</priority><parameters><parameter><key>maxLines</key><value>5</value></parameter></parameters></rule><rule><repositoryKey>Web</repositoryKey><key>MaxLineLengthCheck</key><priority>MINOR</priority><parameters><parameter><key>maxLength</key><value>120</value></parameter></parameters></rule><rule><repositoryKey>Web</repositoryKey><key>MetaRefreshCheck</key><priority>CRITICAL</priority><parameters/></rule><rule><repositoryKey>Web</repositoryKey><key>MouseEventWithoutKeyboardEquivalentCheck</key><priority>CRITICAL</priority><parameters/></rule><rule><repositoryKey>Web</repositoryKey><key>MultiplePageDirectivesCheck</key><priority>MINOR</priority><parameters/></rule><rule><repositoryKey>Web</repositoryKey><key>PageWithoutFaviconCheck</key><priority>MINOR</priority><parameters/></rule><rule><repositoryKey>Web</repositoryKey><key>PageWithoutTitleCheck</key><priority>MINOR</priority><parameters/></rule><rule><repositoryKey>Web</repositoryKey><key>S1134</key><priority>MAJOR</priority><parameters/></rule><rule><repositoryKey>Web</repositoryKey><key>S1135</key><priority>MINOR</priority><parameters/></rule><rule><repositoryKey>Web</repositoryKey><key>S1436</key><priority>INFO</priority><parameters/></rule><rule><repositoryKey>Web</repositoryKey><key>S1827</key><priority>CRITICAL</priority><parameters/></rule><rule><repositoryKey>Web</repositoryKey><key>S1829</key><priority>CRITICAL</priority><parameters><parameter><key>Comma-separated list of tag.attributes to be checked for absolute URI. </key><value>a.href,applet.codebase,area.href,base.href,blockquote.cite,body.background,del.cite,form.action,frame.longdesc,frame.src,head.profile,iframe.longdesc,iframe.src,img.longdesc,img.src,img.usemap,input.src,input.usemap,ins.cite,link.href,object.classid,object.codebase,object.data,object.usemap,q.cite,script.src,audio.src,button.formaction,command.icon,embed.src,html.manifest,input.formaction,source.src,video.poster,video.src</value></parameter></parameters></rule><rule><repositoryKey>Web</repositoryKey><key>S4084</key><priority>MAJOR</priority><parameters/></rule><rule><repositoryKey>Web</repositoryKey><key>S4645</key><priority>CRITICAL</priority><parameters/></rule><rule><repositoryKey>Web</repositoryKey><key>ServerSideImageMapsCheck</key><priority>MINOR</priority><parameters/></rule><rule><repositoryKey>Web</repositoryKey><key>UnclosedTagCheck</key><priority>CRITICAL</priority><parameters><parameter><key>ignoreTags</key><value>HTML,HEAD,BODY,P,DT,DD,LI,OPTION,THEAD,TH,TBODY,TR,TD,TFOOT,COLGROUP,IMG,INPUT,BR,HR,FRAME,AREA,BASE,BASEFONT,COL,ISINDEX,LINK,META,PARAM</value></parameter></parameters></rule><rule><repositoryKey>Web</repositoryKey><key>UnifiedExpressionCheck</key><priority>MAJOR</priority><parameters/></rule><rule><repositoryKey>Web</repositoryKey><key>UnsupportedTagsInHtml5Check</key><priority>CRITICAL</priority><parameters/></rule><rule><repositoryKey>Web</repositoryKey><key>WhiteSpaceAroundCheck</key><priority>MINOR</priority><parameters/></rule><rule><repositoryKey>Web</repositoryKey><key>WmodeIsWindowCheck</key><priority>MAJOR</priority><parameters/></rule></rules></profile>