<?xml version='1.0' encoding='UTF-8'?><profile><name>CNSI_JAVASCRIPT_ALL</name><language>js</language><rules><rule><repositoryKey>common-js</repositoryKey><key>DuplicatedBlocks</key><priority>MAJOR</priority><parameters/></rule><rule><repositoryKey>common-js</repositoryKey><key>FailedUnitTests</key><priority>MAJOR</priority><parameters/></rule><rule><repositoryKey>common-js</repositoryKey><key>InsufficientCommentDensity</key><priority>MINOR</priority><parameters><parameter><key>minimumCommentDensity</key><value>25</value></parameter></parameters></rule><rule><repositoryKey>javascript</repositoryKey><key>ArrayAndObjectConstructors</key><priority>MINOR</priority><parameters/></rule><rule><repositoryKey>javascript</repositoryKey><key>AssignmentWithinCondition</key><priority>MAJOR</priority><parameters/></rule><rule><repositoryKey>javascript</repositoryKey><key>BitwiseOperators</key><priority>MAJOR</priority><parameters/></rule><rule><repositoryKey>javascript</repositoryKey><key>CollapsibleIfStatements</key><priority>MINOR</priority><parameters/></rule><rule><repositoryKey>javascript</repositoryKey><key>CommentedCode</key><priority>MINOR</priority><parameters/></rule><rule><repositoryKey>javascript</repositoryKey><key>ConditionalOperator</key><priority>MINOR</priority><parameters/></rule><rule><repositoryKey>javascript</repositoryKey><key>ConstructorFunctionsForSideEffects</key><priority>MINOR</priority><parameters/></rule><rule><repositoryKey>javascript</repositoryKey><key>ContinueStatement</key><priority>MAJOR</priority><parameters/></rule><rule><repositoryKey>javascript</repositoryKey><key>CurlyBraces</key><priority>MAJOR</priority><parameters/></rule><rule><repositoryKey>javascript</repositoryKey><key>DebuggerStatement</key><priority>CRITICAL</priority><parameters/></rule><rule><repositoryKey>javascript</repositoryKey><key>DuplicateFunctionArgument</key><priority>CRITICAL</priority><parameters/></rule><rule><repositoryKey>javascript</repositoryKey><key>DuplicatePropertyName</key><priority>MAJOR</priority><parameters/></rule><rule><repositoryKey>javascript</repositoryKey><key>ElseIfWithoutElse</key><priority>MAJOR</priority><parameters/></rule><rule><repositoryKey>javascript</repositoryKey><key>EmptyBlock</key><priority>MAJOR</priority><parameters/></rule><rule><repositoryKey>javascript</repositoryKey><key>EqEqEq</key><priority>MAJOR</priority><parameters/></rule><rule><repositoryKey>javascript</repositoryKey><key>Eval</key><priority>CRITICAL</priority><parameters/></rule><rule><repositoryKey>javascript</repositoryKey><key>ExcessiveParameterList</key><priority>MAJOR</priority><parameters><parameter><key>maximumFunctionParameters</key><value>7</value></parameter></parameters></rule><rule><repositoryKey>javascript</repositoryKey><key>ForIn</key><priority>MAJOR</priority><parameters/></rule><rule><repositoryKey>javascript</repositoryKey><key>FunctionComplexity</key><priority>CRITICAL</priority><parameters><parameter><key>maximumFunctionComplexityThreshold</key><value>10</value></parameter></parameters></rule><rule><repositoryKey>javascript</repositoryKey><key>FunctionDeclarationsWithinBlocks</key><priority>MINOR</priority><parameters/></rule><rule><repositoryKey>javascript</repositoryKey><key>FunctionDefinitionInsideLoop</key><priority>MAJOR</priority><parameters/></rule><rule><repositoryKey>javascript</repositoryKey><key>FutureReservedWords</key><priority>BLOCKER</priority><parameters/></rule><rule><repositoryKey>javascript</repositoryKey><key>HtmlComments</key><priority>MAJOR</priority><parameters/></rule><rule><repositoryKey>javascript</repositoryKey><key>LabelPlacement</key><priority>MAJOR</priority><parameters/></rule><rule><repositoryKey>javascript</repositoryKey><key>LineLength</key><priority>MINOR</priority><parameters><parameter><key>maximumLineLength</key><value>180</value></parameter></parameters></rule><rule><repositoryKey>javascript</repositoryKey><key>MissingNewlineAtEndOfFile</key><priority>MINOR</priority><parameters/></rule><rule><repositoryKey>javascript</repositoryKey><key>MultilineStringLiterals</key><priority>MAJOR</priority><parameters/></rule><rule><repositoryKey>javascript</repositoryKey><key>NamedFunctionExpression</key><priority>MAJOR</priority><parameters/></rule><rule><repositoryKey>javascript</repositoryKey><key>NestedIfDepth</key><priority>MAJOR</priority><parameters><parameter><key>maximumNestingLevel</key><value>3</value></parameter></parameters></rule><rule><repositoryKey>javascript</repositoryKey><key>NonEmptyCaseWithoutBreak</key><priority>BLOCKER</priority><parameters/></rule><rule><repositoryKey>javascript</repositoryKey><key>OctalNumber</key><priority>BLOCKER</priority><parameters/></rule><rule><repositoryKey>javascript</repositoryKey><key>OneStatementPerLine</key><priority>MAJOR</priority><parameters/></rule><rule><repositoryKey>javascript</repositoryKey><key>Parentheses</key><priority>MAJOR</priority><parameters/></rule><rule><repositoryKey>javascript</repositoryKey><key>ParsingError</key><priority>MAJOR</priority><parameters/></rule><rule><repositoryKey>javascript</repositoryKey><key>PrimitiveWrappers</key><priority>MINOR</priority><parameters/></rule><rule><repositoryKey>javascript</repositoryKey><key>S100</key><priority>MINOR</priority><parameters><parameter><key>format</key><value>^[_a-z][a-zA-Z0-9]*$</value></parameter></parameters></rule><rule><repositoryKey>javascript</repositoryKey><key>S101</key><priority>MINOR</priority><parameters><parameter><key>format</key><value>^[A-Z][a-zA-Z0-9]*$</value></parameter></parameters></rule><rule><repositoryKey>javascript</repositoryKey><key>S104</key><priority>MINOR</priority><parameters><parameter><key>maximum</key><value>1000</value></parameter></parameters></rule><rule><repositoryKey>javascript</repositoryKey><key>S106</key><priority>MAJOR</priority><parameters/></rule><rule><repositoryKey>javascript</repositoryKey><key>S1067</key><priority>MINOR</priority><parameters><parameter><key>max</key><value>3</value></parameter></parameters></rule><rule><repositoryKey>javascript</repositoryKey><key>S1105</key><priority>MINOR</priority><parameters/></rule><rule><repositoryKey>javascript</repositoryKey><key>S1116</key><priority>MINOR</priority><parameters/></rule><rule><repositoryKey>javascript</repositoryKey><key>S1117</key><priority>CRITICAL</priority><parameters/></rule><rule><repositoryKey>javascript</repositoryKey><key>S1119</key><priority>MAJOR</priority><parameters/></rule><rule><repositoryKey>javascript</repositoryKey><key>S1125</key><priority>MINOR</priority><parameters/></rule><rule><repositoryKey>javascript</repositoryKey><key>S1126</key><priority>MINOR</priority><parameters/></rule><rule><repositoryKey>javascript</repositoryKey><key>S1128</key><priority>MINOR</priority><parameters/></rule><rule><repositoryKey>javascript</repositoryKey><key>S1134</key><priority>MAJOR</priority><parameters/></rule><rule><repositoryKey>javascript</repositoryKey><key>S1135</key><priority>MAJOR</priority><parameters/></rule><rule><repositoryKey>javascript</repositoryKey><key>S1143</key><priority>CRITICAL</priority><parameters/></rule><rule><repositoryKey>javascript</repositoryKey><key>S1145</key><priority>MAJOR</priority><parameters/></rule><rule><repositoryKey>javascript</repositoryKey><key>S1186</key><priority>CRITICAL</priority><parameters/></rule><rule><repositoryKey>javascript</repositoryKey><key>S1192</key><priority>CRITICAL</priority><parameters><parameter><key>threshold</key><value>3</value></parameter></parameters></rule><rule><repositoryKey>javascript</repositoryKey><key>S1219</key><priority>MAJOR</priority><parameters/></rule><rule><repositoryKey>javascript</repositoryKey><key>S1226</key><priority>CRITICAL</priority><parameters/></rule><rule><repositoryKey>javascript</repositoryKey><key>S1264</key><priority>MINOR</priority><parameters/></rule><rule><repositoryKey>javascript</repositoryKey><key>S1301</key><priority>MINOR</priority><parameters/></rule><rule><repositoryKey>javascript</repositoryKey><key>S138</key><priority>MAJOR</priority><parameters><parameter><key>max</key><value>200</value></parameter></parameters></rule><rule><repositoryKey>javascript</repositoryKey><key>S1442</key><priority>MAJOR</priority><parameters/></rule><rule><repositoryKey>javascript</repositoryKey><key>S1472</key><priority>MINOR</priority><parameters/></rule><rule><repositoryKey>javascript</repositoryKey><key>S1479</key><priority>MAJOR</priority><parameters><parameter><key>maximum</key><value>30</value></parameter></parameters></rule><rule><repositoryKey>javascript</repositoryKey><key>S1488</key><priority>MINOR</priority><parameters/></rule><rule><repositoryKey>javascript</repositoryKey><key>S1656</key><priority>MAJOR</priority><parameters/></rule><rule><repositoryKey>javascript</repositoryKey><key>S1751</key><priority>MAJOR</priority><parameters/></rule><rule><repositoryKey>javascript</repositoryKey><key>S1764</key><priority>MAJOR</priority><parameters/></rule><rule><repositoryKey>javascript</repositoryKey><key>S1788</key><priority>MAJOR</priority><parameters/></rule><rule><repositoryKey>javascript</repositoryKey><key>S1854</key><priority>MAJOR</priority><parameters/></rule><rule><repositoryKey>javascript</repositoryKey><key>S1862</key><priority>CRITICAL</priority><parameters/></rule><rule><repositoryKey>javascript</repositoryKey><key>S1871</key><priority>MAJOR</priority><parameters/></rule><rule><repositoryKey>javascript</repositoryKey><key>S1994</key><priority>CRITICAL</priority><parameters/></rule><rule><repositoryKey>javascript</repositoryKey><key>S2123</key><priority>MAJOR</priority><parameters/></rule><rule><repositoryKey>javascript</repositoryKey><key>S2137</key><priority>MAJOR</priority><parameters/></rule><rule><repositoryKey>javascript</repositoryKey><key>S2138</key><priority>MAJOR</priority><parameters/></rule><rule><repositoryKey>javascript</repositoryKey><key>S2189</key><priority>BLOCKER</priority><parameters/></rule><rule><repositoryKey>javascript</repositoryKey><key>S2201</key><priority>MAJOR</priority><parameters/></rule><rule><repositoryKey>javascript</repositoryKey><key>S2208</key><priority>MAJOR</priority><parameters/></rule><rule><repositoryKey>javascript</repositoryKey><key>S2234</key><priority>CRITICAL</priority><parameters/></rule><rule><repositoryKey>javascript</repositoryKey><key>S2245</key><priority>CRITICAL</priority><parameters/></rule><rule><repositoryKey>javascript</repositoryKey><key>S2251</key><priority>CRITICAL</priority><parameters/></rule><rule><repositoryKey>javascript</repositoryKey><key>S2255</key><priority>CRITICAL</priority><parameters/></rule><rule><repositoryKey>javascript</repositoryKey><key>S2259</key><priority>CRITICAL</priority><parameters/></rule><rule><repositoryKey>javascript</repositoryKey><key>S2310</key><priority>CRITICAL</priority><parameters/></rule><rule><repositoryKey>javascript</repositoryKey><key>S2376</key><priority>MAJOR</priority><parameters/></rule><rule><repositoryKey>javascript</repositoryKey><key>S2392</key><priority>MAJOR</priority><parameters/></rule><rule><repositoryKey>javascript</repositoryKey><key>S2424</key><priority>BLOCKER</priority><parameters/></rule><rule><repositoryKey>javascript</repositoryKey><key>S2427</key><priority>MAJOR</priority><parameters/></rule><rule><repositoryKey>javascript</repositoryKey><key>S2428</key><priority>MINOR</priority><parameters/></rule><rule><repositoryKey>javascript</repositoryKey><key>S2432</key><priority>MAJOR</priority><parameters/></rule><rule><repositoryKey>javascript</repositoryKey><key>S2508</key><priority>MAJOR</priority><parameters/></rule><rule><repositoryKey>javascript</repositoryKey><key>S2549</key><priority>CRITICAL</priority><parameters/></rule><rule><repositoryKey>javascript</repositoryKey><key>S2550</key><priority>MAJOR</priority><parameters/></rule><rule><repositoryKey>javascript</repositoryKey><key>S2583</key><priority>MAJOR</priority><parameters/></rule><rule><repositoryKey>javascript</repositoryKey><key>S2589</key><priority>MAJOR</priority><parameters/></rule><rule><repositoryKey>javascript</repositoryKey><key>S2611</key><priority>CRITICAL</priority><parameters/></rule><rule><repositoryKey>javascript</repositoryKey><key>S2681</key><priority>MAJOR</priority><parameters/></rule><rule><repositoryKey>javascript</repositoryKey><key>S2685</key><priority>MAJOR</priority><parameters/></rule><rule><repositoryKey>javascript</repositoryKey><key>S2688</key><priority>MAJOR</priority><parameters/></rule><rule><repositoryKey>javascript</repositoryKey><key>S2692</key><priority>CRITICAL</priority><parameters/></rule><rule><repositoryKey>javascript</repositoryKey><key>S2703</key><priority>BLOCKER</priority><parameters/></rule><rule><repositoryKey>javascript</repositoryKey><key>S2714</key><priority>MAJOR</priority><parameters/></rule><rule><repositoryKey>javascript</repositoryKey><key>S2715</key><priority>MINOR</priority><parameters/></rule><rule><repositoryKey>javascript</repositoryKey><key>S2716</key><priority>MAJOR</priority><parameters/></rule><rule><repositoryKey>javascript</repositoryKey><key>S2737</key><priority>MINOR</priority><parameters/></rule><rule><repositoryKey>javascript</repositoryKey><key>S2757</key><priority>BLOCKER</priority><parameters/></rule><rule><repositoryKey>javascript</repositoryKey><key>S2762</key><priority>MINOR</priority><parameters><parameter><key>threshold</key><value>2</value></parameter></parameters></rule><rule><repositoryKey>javascript</repositoryKey><key>S2769</key><priority>MAJOR</priority><parameters/></rule><rule><repositoryKey>javascript</repositoryKey><key>S2770</key><priority>MAJOR</priority><parameters/></rule><rule><repositoryKey>javascript</repositoryKey><key>S2814</key><priority>MAJOR</priority><parameters/></rule><rule><repositoryKey>javascript</repositoryKey><key>S2817</key><priority>BLOCKER</priority><parameters/></rule><rule><repositoryKey>javascript</repositoryKey><key>S2819</key><priority>CRITICAL</priority><parameters/></rule><rule><repositoryKey>javascript</repositoryKey><key>S2870</key><priority>MAJOR</priority><parameters/></rule><rule><repositoryKey>javascript</repositoryKey><key>S2873</key><priority>MAJOR</priority><parameters/></rule><rule><repositoryKey>javascript</repositoryKey><key>S2898</key><priority>MAJOR</priority><parameters/></rule><rule><repositoryKey>javascript</repositoryKey><key>S2990</key><priority>MINOR</priority><parameters/></rule><rule><repositoryKey>javascript</repositoryKey><key>S2999</key><priority>MAJOR</priority><parameters><parameter><key>considerJSDoc</key><value>false</value></parameter></parameters></rule><rule><repositoryKey>javascript</repositoryKey><key>S3001</key><priority>MAJOR</priority><parameters/></rule><rule><repositoryKey>javascript</repositoryKey><key>S3002</key><priority>CRITICAL</priority><parameters/></rule><rule><repositoryKey>javascript</repositoryKey><key>S3003</key><priority>MAJOR</priority><parameters/></rule><rule><repositoryKey>javascript</repositoryKey><key>S3271</key><priority>CRITICAL</priority><parameters/></rule><rule><repositoryKey>javascript</repositoryKey><key>S3317</key><priority>MINOR</priority><parameters/></rule><rule><repositoryKey>javascript</repositoryKey><key>S3353</key><priority>CRITICAL</priority><parameters/></rule><rule><repositoryKey>javascript</repositoryKey><key>S3358</key><priority>MAJOR</priority><parameters/></rule><rule><repositoryKey>javascript</repositoryKey><key>S3402</key><priority>MAJOR</priority><parameters/></rule><rule><repositoryKey>javascript</repositoryKey><key>S3403</key><priority>CRITICAL</priority><parameters/></rule><rule><repositoryKey>javascript</repositoryKey><key>S3498</key><priority>MINOR</priority><parameters/></rule><rule><repositoryKey>javascript</repositoryKey><key>S3499</key><priority>MINOR</priority><parameters/></rule><rule><repositoryKey>javascript</repositoryKey><key>S3500</key><priority>CRITICAL</priority><parameters/></rule><rule><repositoryKey>javascript</repositoryKey><key>S3504</key><priority>INFO</priority><parameters/></rule><rule><repositoryKey>javascript</repositoryKey><key>S3509</key><priority>BLOCKER</priority><parameters/></rule><rule><repositoryKey>javascript</repositoryKey><key>S3512</key><priority>MINOR</priority><parameters/></rule><rule><repositoryKey>javascript</repositoryKey><key>S3513</key><priority>MAJOR</priority><parameters/></rule><rule><repositoryKey>javascript</repositoryKey><key>S3514</key><priority>MINOR</priority><parameters/></rule><rule><repositoryKey>javascript</repositoryKey><key>S3516</key><priority>BLOCKER</priority><parameters/></rule><rule><repositoryKey>javascript</repositoryKey><key>S3524</key><priority>MINOR</priority><parameters><parameter><key>body_braces</key><value>false</value></parameter><parameter><key>parameter_parens</key><value>false</value></parameter></parameters></rule><rule><repositoryKey>javascript</repositoryKey><key>S3525</key><priority>CRITICAL</priority><parameters/></rule><rule><repositoryKey>javascript</repositoryKey><key>S3531</key><priority>MAJOR</priority><parameters/></rule><rule><repositoryKey>javascript</repositoryKey><key>S3533</key><priority>MINOR</priority><parameters/></rule><rule><repositoryKey>javascript</repositoryKey><key>S3579</key><priority>MAJOR</priority><parameters/></rule><rule><repositoryKey>javascript</repositoryKey><key>S3616</key><priority>BLOCKER</priority><parameters/></rule><rule><repositoryKey>javascript</repositoryKey><key>S3686</key><priority>MAJOR</priority><parameters/></rule><rule><repositoryKey>javascript</repositoryKey><key>S3699</key><priority>CRITICAL</priority><parameters/></rule><rule><repositoryKey>javascript</repositoryKey><key>S3735</key><priority>CRITICAL</priority><parameters/></rule><rule><repositoryKey>javascript</repositoryKey><key>S3757</key><priority>MAJOR</priority><parameters/></rule><rule><repositoryKey>javascript</repositoryKey><key>S3758</key><priority>MAJOR</priority><parameters/></rule><rule><repositoryKey>javascript</repositoryKey><key>S3759</key><priority>CRITICAL</priority><parameters/></rule><rule><repositoryKey>javascript</repositoryKey><key>S3760</key><priority>CRITICAL</priority><parameters/></rule><rule><repositoryKey>javascript</repositoryKey><key>S3776</key><priority>CRITICAL</priority><parameters><parameter><key>threshold</key><value>15</value></parameter></parameters></rule><rule><repositoryKey>javascript</repositoryKey><key>S3782</key><priority>MAJOR</priority><parameters/></rule><rule><repositoryKey>javascript</repositoryKey><key>S3785</key><priority>CRITICAL</priority><parameters/></rule><rule><repositoryKey>javascript</repositoryKey><key>S3786</key><priority>CRITICAL</priority><parameters/></rule><rule><repositoryKey>javascript</repositoryKey><key>S3796</key><priority>BLOCKER</priority><parameters/></rule><rule><repositoryKey>javascript</repositoryKey><key>S3799</key><priority>MAJOR</priority><parameters/></rule><rule><repositoryKey>javascript</repositoryKey><key>S3800</key><priority>CRITICAL</priority><parameters/></rule><rule><repositoryKey>javascript</repositoryKey><key>S3801</key><priority>MAJOR</priority><parameters/></rule><rule><repositoryKey>javascript</repositoryKey><key>S3812</key><priority>CRITICAL</priority><parameters/></rule><rule><repositoryKey>javascript</repositoryKey><key>S3827</key><priority>BLOCKER</priority><parameters/></rule><rule><repositoryKey>javascript</repositoryKey><key>S3828</key><priority>BLOCKER</priority><parameters/></rule><rule><repositoryKey>javascript</repositoryKey><key>S3834</key><priority>CRITICAL</priority><parameters/></rule><rule><repositoryKey>javascript</repositoryKey><key>S3854</key><priority>CRITICAL</priority><parameters/></rule><rule><repositoryKey>javascript</repositoryKey><key>S3863</key><priority>MINOR</priority><parameters/></rule><rule><repositoryKey>javascript</repositoryKey><key>S3923</key><priority>MAJOR</priority><parameters/></rule><rule><repositoryKey>javascript</repositoryKey><key>S3972</key><priority>MAJOR</priority><parameters/></rule><rule><repositoryKey>javascript</repositoryKey><key>S3973</key><priority>CRITICAL</priority><parameters/></rule><rule><repositoryKey>javascript</repositoryKey><key>S3981</key><priority>MAJOR</priority><parameters/></rule><rule><repositoryKey>javascript</repositoryKey><key>S3984</key><priority>CRITICAL</priority><parameters/></rule><rule><repositoryKey>javascript</repositoryKey><key>S4030</key><priority>MAJOR</priority><parameters/></rule><rule><repositoryKey>javascript</repositoryKey><key>S4043</key><priority>MAJOR</priority><parameters/></rule><rule><repositoryKey>javascript</repositoryKey><key>S4143</key><priority>MAJOR</priority><parameters/></rule><rule><repositoryKey>javascript</repositoryKey><key>S4144</key><priority>MINOR</priority><parameters/></rule><rule><repositoryKey>javascript</repositoryKey><key>S4165</key><priority>MINOR</priority><parameters/></rule><rule><repositoryKey>javascript</repositoryKey><key>S4721</key><priority>CRITICAL</priority><parameters/></rule><rule><repositoryKey>javascript</repositoryKey><key>S4784</key><priority>CRITICAL</priority><parameters/></rule><rule><repositoryKey>javascript</repositoryKey><key>S4787</key><priority>CRITICAL</priority><parameters/></rule><rule><repositoryKey>javascript</repositoryKey><key>S4790</key><priority>CRITICAL</priority><parameters/></rule><rule><repositoryKey>javascript</repositoryKey><key>S4817</key><priority>CRITICAL</priority><parameters/></rule><rule><repositoryKey>javascript</repositoryKey><key>S4818</key><priority>CRITICAL</priority><parameters/></rule><rule><repositoryKey>javascript</repositoryKey><key>S4823</key><priority>CRITICAL</priority><parameters/></rule><rule><repositoryKey>javascript</repositoryKey><key>S4829</key><priority>CRITICAL</priority><parameters/></rule><rule><repositoryKey>javascript</repositoryKey><key>S5122</key><priority>MAJOR</priority><parameters/></rule><rule><repositoryKey>javascript</repositoryKey><key>S878</key><priority>MAJOR</priority><parameters/></rule><rule><repositoryKey>javascript</repositoryKey><key>S881</key><priority>MAJOR</priority><parameters/></rule><rule><repositoryKey>javascript</repositoryKey><key>S888</key><priority>CRITICAL</priority><parameters/></rule><rule><repositoryKey>javascript</repositoryKey><key>S905</key><priority>MAJOR</priority><parameters/></rule><rule><repositoryKey>javascript</repositoryKey><key>S930</key><priority>CRITICAL</priority><parameters/></rule><rule><repositoryKey>javascript</repositoryKey><key>Semicolon</key><priority>MINOR</priority><parameters/></rule><rule><repositoryKey>javascript</repositoryKey><key>SingleQuote</key><priority>MINOR</priority><parameters/></rule><rule><repositoryKey>javascript</repositoryKey><key>StrictMode</key><priority>CRITICAL</priority><parameters/></rule><rule><repositoryKey>javascript</repositoryKey><key>SwitchWithoutDefault</key><priority>CRITICAL</priority><parameters/></rule><rule><repositoryKey>javascript</repositoryKey><key>TabCharacter</key><priority>INFO</priority><parameters/></rule><rule><repositoryKey>javascript</repositoryKey><key>TooManyBreakOrContinueInLoop</key><priority>MINOR</priority><parameters/></rule><rule><repositoryKey>javascript</repositoryKey><key>TrailingComma</key><priority>MINOR</priority><parameters/></rule><rule><repositoryKey>javascript</repositoryKey><key>TrailingComment</key><priority>INFO</priority><parameters><parameter><key>legalCommentPattern</key><value>^//\s*+[^\s]++$</value></parameter></parameters></rule><rule><repositoryKey>javascript</repositoryKey><key>TrailingWhitespace</key><priority>MINOR</priority><parameters/></rule><rule><repositoryKey>javascript</repositoryKey><key>UnreachableCode</key><priority>MAJOR</priority><parameters/></rule><rule><repositoryKey>javascript</repositoryKey><key>UnusedVariable</key><priority>MINOR</priority><parameters/></rule><rule><repositoryKey>javascript</repositoryKey><key>VariableDeclarationAfterUsage</key><priority>BLOCKER</priority><parameters/></rule><rule><repositoryKey>javascript</repositoryKey><key>WithStatement</key><priority>MAJOR</priority><parameters/></rule></rules></profile>