<?xml version='1.0' encoding='UTF-8'?><profile><name>CNSI_JSP_ALL</name><language>jsp</language><rules><rule><repositoryKey>common-jsp</repositoryKey><key>DuplicatedBlocks</key><priority>MAJOR</priority><parameters/></rule><rule><repositoryKey>common-jsp</repositoryKey><key>InsufficientBranchCoverage</key><priority>INFO</priority><parameters><parameter><key>minimumBranchCoverageRatio</key><value>65</value></parameter></parameters></rule><rule><repositoryKey>common-jsp</repositoryKey><key>InsufficientCommentDensity</key><priority>MINOR</priority><parameters><parameter><key>minimumCommentDensity</key><value>25</value></parameter></parameters></rule><rule><repositoryKey>common-jsp</repositoryKey><key>InsufficientLineCoverage</key><priority>INFO</priority><parameters><parameter><key>minimumLineCoverageRatio</key><value>65</value></parameter></parameters></rule></rules></profile>