<?xml version='1.0' encoding='UTF-8'?><profile><name>CNSI_PLSQL_ALL</name><language>plsql</language><rules><rule><repositoryKey>plsql</repositoryKey><key>AnchoredTypeConstrainCheck</key><priority>INFO</priority><parameters/></rule><rule><repositoryKey>plsql</repositoryKey><key>AvoidFetchBulkCollectIntoWithoutLimitCheck</key><priority>BLOCKER</priority><parameters/></rule><rule><repositoryKey>plsql</repositoryKey><key>BackwardsGoto</key><priority>BLOCKER</priority><parameters/></rule><rule><repositoryKey>plsql</repositoryKey><key>BadRaiseApplicationErrorUsageCheck</key><priority>BLOCKER</priority><parameters/></rule><rule><repositoryKey>plsql</repositoryKey><key>BlockMissingSemicolonCheck</key><priority>MAJOR</priority><parameters/></rule><rule><repositoryKey>plsql</repositoryKey><key>BlockUnlabeledEndCheck</key><priority>MAJOR</priority><parameters/></rule><rule><repositoryKey>plsql</repositoryKey><key>BooleanLiteralComparisonCheck</key><priority>MINOR</priority><parameters/></rule><rule><repositoryKey>plsql</repositoryKey><key>CharVarchar</key><priority>MAJOR</priority><parameters/></rule><rule><repositoryKey>plsql</repositoryKey><key>CompoundTriggerDefinesSingleTrigger</key><priority>MAJOR</priority><parameters/></rule><rule><repositoryKey>plsql</repositoryKey><key>ConstantDeclarationWithoutInitializationCheck</key><priority>INFO</priority><parameters/></rule><rule><repositoryKey>plsql</repositoryKey><key>CreateOrReplaceCheck</key><priority>CRITICAL</priority><parameters/></rule><rule><repositoryKey>plsql</repositoryKey><key>CrossJoinUsageCheck</key><priority>MAJOR</priority><parameters/></rule><rule><repositoryKey>plsql</repositoryKey><key>CustomExceptionInitCheck</key><priority>CRITICAL</priority><parameters/></rule><rule><repositoryKey>plsql</repositoryKey><key>DbmsOutputPutLineCallCheck</key><priority>CRITICAL</priority><parameters/></rule><rule><repositoryKey>plsql</repositoryKey><key>DeadCodeCheck</key><priority>MAJOR</priority><parameters/></rule><rule><repositoryKey>plsql</repositoryKey><key>DecodeFunctionUsageCheck</key><priority>MAJOR</priority><parameters/></rule><rule><repositoryKey>plsql</repositoryKey><key>DeleteOrUpdateWithoutWhereCheck</key><priority>MAJOR</priority><parameters/></rule><rule><repositoryKey>plsql</repositoryKey><key>ExecuteImmediateTrapExceptionsCheck</key><priority>CRITICAL</priority><parameters/></rule><rule><repositoryKey>plsql</repositoryKey><key>ExitInLoop</key><priority>MINOR</priority><parameters/></rule><rule><repositoryKey>plsql</repositoryKey><key>FloatWithScaleUsageCheck</key><priority>BLOCKER</priority><parameters/></rule><rule><repositoryKey>plsql</repositoryKey><key>ForLoopUsageCheck</key><priority>INFO</priority><parameters/></rule><rule><repositoryKey>plsql</repositoryKey><key>ForallStatementShouldUseSaveExceptionsClause</key><priority>BLOCKER</priority><parameters/></rule><rule><repositoryKey>plsql</repositoryKey><key>FormatErrorStackAndBacktraceUsedAlongside</key><priority>MINOR</priority><parameters/></rule><rule><repositoryKey>plsql</repositoryKey><key>FullOuterJoinCheck</key><priority>MAJOR</priority><parameters/></rule><rule><repositoryKey>plsql</repositoryKey><key>FunctionLastStatementReturnCheck</key><priority>CRITICAL</priority><parameters/></rule><rule><repositoryKey>plsql</repositoryKey><key>FunctionOutParametersCheck</key><priority>MAJOR</priority><parameters/></rule><rule><repositoryKey>plsql</repositoryKey><key>GotoInLoopCheck</key><priority>MAJOR</priority><parameters/></rule><rule><repositoryKey>plsql</repositoryKey><key>ImproperConstraintUsageCheck</key><priority>INFO</priority><parameters/></rule><rule><repositoryKey>plsql</repositoryKey><key>InItemsCountCheck</key><priority>MAJOR</priority><parameters><parameter><key>maximumNumberOfItems</key><value>50</value></parameter></parameters></rule><rule><repositoryKey>plsql</repositoryKey><key>InitializeWithNullCheck</key><priority>MINOR</priority><parameters/></rule><rule><repositoryKey>plsql</repositoryKey><key>InvalidConstrainCheck</key><priority>INFO</priority><parameters/></rule><rule><repositoryKey>plsql</repositoryKey><key>JoinConditionNumberCheck</key><priority>MINOR</priority><parameters><parameter><key>maximumJoinConditions</key><value>3</value></parameter></parameters></rule><rule><repositoryKey>plsql</repositoryKey><key>LabelStartEndMatchBlockCheck</key><priority>MAJOR</priority><parameters/></rule><rule><repositoryKey>plsql</repositoryKey><key>LabelStartEndMatchLoopCheck</key><priority>MAJOR</priority><parameters/></rule><rule><repositoryKey>plsql</repositoryKey><key>LineLength</key><priority>MINOR</priority><parameters><parameter><key>maximumLineLength</key><value>80</value></parameter></parameters></rule><rule><repositoryKey>plsql</repositoryKey><key>LiteralsNonPrintableCharactersCheck</key><priority>MAJOR</priority><parameters><parameter><key>allowTabulations</key><value>true</value></parameter></parameters></rule><rule><repositoryKey>plsql</repositoryKey><key>LongCheck</key><priority>MAJOR</priority><parameters/></rule><rule><repositoryKey>plsql</repositoryKey><key>LoopAvoidSimpleLoopCheck</key><priority>CRITICAL</priority><parameters/></rule><rule><repositoryKey>plsql</repositoryKey><key>LoopHardcodedBoundsCheck</key><priority>MAJOR</priority><parameters><parameter><key>allowedExceptions</key><value>0,1</value></parameter></parameters></rule><rule><repositoryKey>plsql</repositoryKey><key>LoopMissingSemicolonCheck</key><priority>INFO</priority><parameters/></rule><rule><repositoryKey>plsql</repositoryKey><key>LoopUnlabeledEndCheck</key><priority>MAJOR</priority><parameters/></rule><rule><repositoryKey>plsql</repositoryKey><key>LoopUnlabeledExitCheck</key><priority>MAJOR</priority><parameters/></rule><rule><repositoryKey>plsql</repositoryKey><key>LoopUseExitWhenCheck</key><priority>MAJOR</priority><parameters/></rule><rule><repositoryKey>plsql</repositoryKey><key>MaskedExceptionCheck</key><priority>CRITICAL</priority><parameters/></rule><rule><repositoryKey>plsql</repositoryKey><key>MlslabelDatatypeUsageCheck</key><priority>MAJOR</priority><parameters/></rule><rule><repositoryKey>plsql</repositoryKey><key>NameReusedInInnerScope</key><priority>MAJOR</priority><parameters/></rule><rule><repositoryKey>plsql</repositoryKey><key>NamingConstantsCheck</key><priority>CRITICAL</priority><parameters><parameter><key>regexp</key><value>[a-zA-Z]([a-zA-Z0-9_]*[a-zA-Z0-9])?</value></parameter></parameters></rule><rule><repositoryKey>plsql</repositoryKey><key>NamingCursorParametersCheck</key><priority>MINOR</priority><parameters><parameter><key>regexp</key><value>[a-zA-Z]([a-zA-Z0-9_]*[a-zA-Z0-9])?</value></parameter></parameters></rule><rule><repositoryKey>plsql</repositoryKey><key>NamingCursorsCheck</key><priority>MINOR</priority><parameters><parameter><key>regexp</key><value>[a-zA-Z]([a-zA-Z0-9_]*[a-zA-Z0-9])?</value></parameter></parameters></rule><rule><repositoryKey>plsql</repositoryKey><key>NamingExceptionsCheck</key><priority>MINOR</priority><parameters><parameter><key>regexp</key><value>[a-zA-Z]([a-zA-Z0-9_]*[a-zA-Z0-9])?</value></parameter></parameters></rule><rule><repositoryKey>plsql</repositoryKey><key>NamingFunctionAndProcedureParametersCheck</key><priority>MAJOR</priority><parameters><parameter><key>regexp</key><value>[a-zA-Z]([a-zA-Z0-9_]*[a-zA-Z0-9])?</value></parameter></parameters></rule><rule><repositoryKey>plsql</repositoryKey><key>NamingObjectAttribute</key><priority>MINOR</priority><parameters><parameter><key>format</key><value>[a-zA-Z](_?+[a-zA-Z0-9])*+</value></parameter></parameters></rule><rule><repositoryKey>plsql</repositoryKey><key>NamingRecordField</key><priority>MINOR</priority><parameters><parameter><key>format</key><value>[a-zA-Z](_?+[a-zA-Z0-9])*+</value></parameter></parameters></rule><rule><repositoryKey>plsql</repositoryKey><key>NamingTypesCheck</key><priority>MINOR</priority><parameters><parameter><key>regexp</key><value>[a-zA-Z]([a-zA-Z0-9_]*[a-zA-Z0-9])?</value></parameter></parameters></rule><rule><repositoryKey>plsql</repositoryKey><key>NamingVariablesCheck</key><priority>MINOR</priority><parameters><parameter><key>regexp</key><value>[a-zA-Z]([a-zA-Z0-9_]*[a-zA-Z0-9])?</value></parameter></parameters></rule><rule><repositoryKey>plsql</repositoryKey><key>NaturalJoinUsageCheck</key><priority>MAJOR</priority><parameters/></rule><rule><repositoryKey>plsql</repositoryKey><key>NcharByteLengthUsageCheck</key><priority>MAJOR</priority><parameters/></rule><rule><repositoryKey>plsql</repositoryKey><key>NestedCommentsCheck</key><priority>MINOR</priority><parameters/></rule><rule><repositoryKey>plsql</repositoryKey><key>NestedIf</key><priority>CRITICAL</priority><parameters><parameter><key>maximumNestingLevel</key><value>3</value></parameter></parameters></rule><rule><repositoryKey>plsql</repositoryKey><key>NoSonarCheck</key><priority>INFO</priority><parameters/></rule><rule><repositoryKey>plsql</repositoryKey><key>NotNullDeclarationWithoutInitializationCheck</key><priority>INFO</priority><parameters/></rule><rule><repositoryKey>plsql</repositoryKey><key>Notfound</key><priority>MINOR</priority><parameters/></rule><rule><repositoryKey>plsql</repositoryKey><key>NullComparison</key><priority>MAJOR</priority><parameters/></rule><rule><repositoryKey>plsql</repositoryKey><key>NumberWithoutPrecisionCheck</key><priority>MINOR</priority><parameters/></rule><rule><repositoryKey>plsql</repositoryKey><key>OracleJoinOperatorUsageCheck</key><priority>INFO</priority><parameters/></rule><rule><repositoryKey>plsql</repositoryKey><key>OrderByColumnNumberCheck</key><priority>MAJOR</priority><parameters/></rule><rule><repositoryKey>plsql</repositoryKey><key>OrderByExplicitAscCheck</key><priority>INFO</priority><parameters/></rule><rule><repositoryKey>plsql</repositoryKey><key>OverridePredefinedExceptionCheck</key><priority>BLOCKER</priority><parameters/></rule><rule><repositoryKey>plsql</repositoryKey><key>ParameterExplicitInCheck</key><priority>INFO</priority><parameters/></rule><rule><repositoryKey>plsql</repositoryKey><key>PipelinedFunctionsWithoutPipeRow</key><priority>INFO</priority><parameters/></rule><rule><repositoryKey>plsql</repositoryKey><key>PlSql.CreateFunctionAndCreateProcedureDocumented</key><priority>MAJOR</priority><parameters/></rule><rule><repositoryKey>plsql</repositoryKey><key>PlSql.FunctionAndProcedureComplexity</key><priority>MINOR</priority><parameters><parameter><key>complexity</key><value>30</value></parameter></parameters></rule><rule><repositoryKey>plsql</repositoryKey><key>PlSql.FunctionAndProcedureExcessiveParameters</key><priority>MINOR</priority><parameters><parameter><key>parameters</key><value>10</value></parameter></parameters></rule><rule><repositoryKey>plsql</repositoryKey><key>PlSql.FunctionAndProcedureNaming</key><priority>MAJOR</priority><parameters><parameter><key>regexp</key><value>[a-zA-Z]([a-zA-Z0-9_]*[a-zA-Z0-9])?</value></parameter></parameters></rule><rule><repositoryKey>plsql</repositoryKey><key>PlSql.Goto</key><priority>MAJOR</priority><parameters/></rule><rule><repositoryKey>plsql</repositoryKey><key>PlSql.PackageNaming</key><priority>MINOR</priority><parameters><parameter><key>regexp</key><value>[a-zA-Z]([a-zA-Z_]*[a-zA-Z])?</value></parameter></parameters></rule><rule><repositoryKey>plsql</repositoryKey><key>PlSql.ParsingError</key><priority>MINOR</priority><parameters/></rule><rule><repositoryKey>plsql</repositoryKey><key>PlSql.UseWhenOthers</key><priority>CRITICAL</priority><parameters><parameter><key>excludeFunctions</key><value>false</value></parameter></parameters></rule><rule><repositoryKey>plsql</repositoryKey><key>PositionalAndNamedArgumentMixCheck</key><priority>CRITICAL</priority><parameters/></rule><rule><repositoryKey>plsql</repositoryKey><key>PreferExecuteImmediateToDbmsSqlCheck</key><priority>MAJOR</priority><parameters/></rule><rule><repositoryKey>plsql</repositoryKey><key>ProcedureWithoutParametersCheck</key><priority>MAJOR</priority><parameters/></rule><rule><repositoryKey>plsql</repositoryKey><key>QuotedIdentifiersCheck</key><priority>BLOCKER</priority><parameters/></rule><rule><repositoryKey>plsql</repositoryKey><key>ResultCacheHintUsage</key><priority>MAJOR</priority><parameters/></rule><rule><repositoryKey>plsql</repositoryKey><key>ReturnInInitializationSectionCheck</key><priority>MAJOR</priority><parameters/></rule><rule><repositoryKey>plsql</repositoryKey><key>ReturnInProcedureCheck</key><priority>MINOR</priority><parameters/></rule><rule><repositoryKey>plsql</repositoryKey><key>S104</key><priority>INFO</priority><parameters><parameter><key>Max</key><value>1000</value></parameter></parameters></rule><rule><repositoryKey>plsql</repositoryKey><key>S1066</key><priority>MAJOR</priority><parameters/></rule><rule><repositoryKey>plsql</repositoryKey><key>S1110</key><priority>MAJOR</priority><parameters/></rule><rule><repositoryKey>plsql</repositoryKey><key>S1126</key><priority>MINOR</priority><parameters/></rule><rule><repositoryKey>plsql</repositoryKey><key>S1134</key><priority>MINOR</priority><parameters/></rule><rule><repositoryKey>plsql</repositoryKey><key>S1135</key><priority>INFO</priority><parameters/></rule><rule><repositoryKey>plsql</repositoryKey><key>S1138</key><priority>INFO</priority><parameters/></rule><rule><repositoryKey>plsql</repositoryKey><key>S1145</key><priority>MAJOR</priority><parameters/></rule><rule><repositoryKey>plsql</repositoryKey><key>S1151</key><priority>MAJOR</priority><parameters><parameter><key>max</key><value>5</value></parameter></parameters></rule><rule><repositoryKey>plsql</repositoryKey><key>S1172</key><priority>MAJOR</priority><parameters/></rule><rule><repositoryKey>plsql</repositoryKey><key>S1192</key><priority>MAJOR</priority><parameters><parameter><key>threshold</key><value>3</value></parameter></parameters></rule><rule><repositoryKey>plsql</repositoryKey><key>S125</key><priority>MAJOR</priority><parameters/></rule><rule><repositoryKey>plsql</repositoryKey><key>S126</key><priority>MAJOR</priority><parameters/></rule><rule><repositoryKey>plsql</repositoryKey><key>S131</key><priority>MAJOR</priority><parameters/></rule><rule><repositoryKey>plsql</repositoryKey><key>S1479</key><priority>MAJOR</priority><parameters><parameter><key>maximum</key><value>30</value></parameter></parameters></rule><rule><repositoryKey>plsql</repositoryKey><key>S1481</key><priority>MINOR</priority><parameters/></rule><rule><repositoryKey>plsql</repositoryKey><key>S1523</key><priority>CRITICAL</priority><parameters/></rule><rule><repositoryKey>plsql</repositoryKey><key>S1573</key><priority>MAJOR</priority><parameters/></rule><rule><repositoryKey>plsql</repositoryKey><key>S1656</key><priority>MAJOR</priority><parameters/></rule><rule><repositoryKey>plsql</repositoryKey><key>S1739</key><priority>MAJOR</priority><parameters/></rule><rule><repositoryKey>plsql</repositoryKey><key>S1745</key><priority>CRITICAL</priority><parameters/></rule><rule><repositoryKey>plsql</repositoryKey><key>S1751</key><priority>MAJOR</priority><parameters/></rule><rule><repositoryKey>plsql</repositoryKey><key>S1764</key><priority>MAJOR</priority><parameters/></rule><rule><repositoryKey>plsql</repositoryKey><key>S1854</key><priority>MAJOR</priority><parameters/></rule><rule><repositoryKey>plsql</repositoryKey><key>S1862</key><priority>MAJOR</priority><parameters/></rule><rule><repositoryKey>plsql</repositoryKey><key>S1871</key><priority>MAJOR</priority><parameters/></rule><rule><repositoryKey>plsql</repositoryKey><key>S1940</key><priority>MINOR</priority><parameters/></rule><rule><repositoryKey>plsql</repositoryKey><key>S2278</key><priority>BLOCKER</priority><parameters/></rule><rule><repositoryKey>plsql</repositoryKey><key>S2737</key><priority>MINOR</priority><parameters/></rule><rule><repositoryKey>plsql</repositoryKey><key>S2761</key><priority>MAJOR</priority><parameters/></rule><rule><repositoryKey>plsql</repositoryKey><key>S3618</key><priority>BLOCKER</priority><parameters/></rule><rule><repositoryKey>plsql</repositoryKey><key>S3626</key><priority>MINOR</priority><parameters/></rule><rule><repositoryKey>plsql</repositoryKey><key>S3633</key><priority>MAJOR</priority><parameters/></rule><rule><repositoryKey>plsql</repositoryKey><key>S3643</key><priority>CRITICAL</priority><parameters/></rule><rule><repositoryKey>plsql</repositoryKey><key>S3651</key><priority>MAJOR</priority><parameters/></rule><rule><repositoryKey>plsql</repositoryKey><key>S3830</key><priority>CRITICAL</priority><parameters/></rule><rule><repositoryKey>plsql</repositoryKey><key>S3921</key><priority>MAJOR</priority><parameters/></rule><rule><repositoryKey>plsql</repositoryKey><key>S3923</key><priority>MAJOR</priority><parameters/></rule><rule><repositoryKey>plsql</repositoryKey><key>S4062</key><priority>MAJOR</priority><parameters/></rule><rule><repositoryKey>plsql</repositoryKey><key>S4196</key><priority>MAJOR</priority><parameters/></rule><rule><repositoryKey>plsql</repositoryKey><key>S4801</key><priority>CRITICAL</priority><parameters/></rule><rule><repositoryKey>plsql</repositoryKey><key>S5047</key><priority>MINOR</priority><parameters/></rule><rule><repositoryKey>plsql</repositoryKey><key>S5141</key><priority>CRITICAL</priority><parameters/></rule><rule><repositoryKey>plsql</repositoryKey><key>S5245</key><priority>MINOR</priority><parameters/></rule><rule><repositoryKey>plsql</repositoryKey><key>SelectStarCheck</key><priority>MAJOR</priority><parameters/></rule><rule><repositoryKey>plsql</repositoryKey><key>SingleLineCommentsSyntaxCheck</key><priority>MINOR</priority><parameters/></rule><rule><repositoryKey>plsql</repositoryKey><key>SizeConstraintMissingCheck</key><priority>BLOCKER</priority><parameters/></rule><rule><repositoryKey>plsql</repositoryKey><key>StandaloneProcAndFuncCheck</key><priority>MINOR</priority><parameters/></rule><rule><repositoryKey>plsql</repositoryKey><key>TriggerCommitRollbackCheck</key><priority>CRITICAL</priority><parameters/></rule><rule><repositoryKey>plsql</repositoryKey><key>TriggerOfConditionsCheck</key><priority>MAJOR</priority><parameters/></rule><rule><repositoryKey>plsql</repositoryKey><key>UnionUsageCheck</key><priority>INFO</priority><parameters/></rule><rule><repositoryKey>plsql</repositoryKey><key>UnusedLabel</key><priority>MAJOR</priority><parameters/></rule><rule><repositoryKey>plsql</repositoryKey><key>UpperCaseReservedWordsCheck</key><priority>INFO</priority><parameters/></rule><rule><repositoryKey>plsql</repositoryKey><key>UseAsForColumnAliasesCheck</key><priority>MAJOR</priority><parameters/></rule><rule><repositoryKey>plsql</repositoryKey><key>UseFetchBulkCollectIntoCheck</key><priority>MAJOR</priority><parameters/></rule><rule><repositoryKey>plsql</repositoryKey><key>UseForallStatementCheck</key><priority>MAJOR</priority><parameters/></rule><rule><repositoryKey>plsql</repositoryKey><key>UseNativeSqlJoinsInsteadOfEmbeddedCursorLoopsCheck</key><priority>INFO</priority><parameters/></rule><rule><repositoryKey>plsql</repositoryKey><key>VarcharUsageCheck</key><priority>MAJOR</priority><parameters/></rule><rule><repositoryKey>plsql</repositoryKey><key>VariableHiding</key><priority>MAJOR</priority><parameters/></rule><rule><repositoryKey>plsql</repositoryKey><key>VariableInPackageSpecificationCheck</key><priority>CRITICAL</priority><parameters/></rule><rule><repositoryKey>plsql</repositoryKey><key>VariableNotNullUsageCheck</key><priority>MAJOR</priority><parameters/></rule><rule><repositoryKey>plsql</repositoryKey><key>VariableRedeclaration</key><priority>BLOCKER</priority><parameters/></rule><rule><repositoryKey>plsql</repositoryKey><key>WeakRefCursorCheck</key><priority>MAJOR</priority><parameters><parameter><key>sysRefCursorAllowed</key><value>false</value></parameter></parameters></rule><rule><repositoryKey>plsql</repositoryKey><key>WhenOthersAsOnlyExceptionHandlerCheck</key><priority>MINOR</priority><parameters/></rule></rules></profile>