<?xml version='1.0' encoding='UTF-8'?><profile><name>CNSI_XML_ALL</name><language>xml</language><rules><rule><repositoryKey>common-xml</repositoryKey><key>DuplicatedBlocks</key><priority>MAJOR</priority><parameters/></rule><rule><repositoryKey>xml</repositoryKey><key>NewlineCheck</key><priority>MAJOR</priority><parameters/></rule><rule><repositoryKey>xml</repositoryKey><key>S103</key><priority>INFO</priority><parameters><parameter><key>maximumLineLength</key><value>120</value></parameter></parameters></rule><rule><repositoryKey>xml</repositoryKey><key>S1134</key><priority>MAJOR</priority><parameters/></rule><rule><repositoryKey>xml</repositoryKey><key>S1135</key><priority>MINOR</priority><parameters/></rule><rule><repositoryKey>xml</repositoryKey><key>S125</key><priority>MAJOR</priority><parameters/></rule><rule><repositoryKey>xml</repositoryKey><key>S1778</key><priority>CRITICAL</priority><parameters/></rule><rule><repositoryKey>xml</repositoryKey><key>S2260</key><priority>MAJOR</priority><parameters/></rule></rules></profile>