<?xml version="1.0" encoding="UTF-8"?>
<project name="system_make" default="all" basedir=".">
	<property environment="env" />
	<property file="system_make.properties"/>
	<property name="websphere.home" value="/apps/IBM855/WebSphere/AppServer" />
	
	<property name="websphere.server" value="server1"/>
	<property name="websphere.node" value="cnsiawsevoapp01Node03Cell"/>
	<property name="websphere.profileName" value="evoCloud2Screens1"/>
	<property name="websphere.host" value="172.24.12.208"/>
	<property name="websphere.conntype" value="SOAP"/>
	<property name="websphere.port" value="5068"/>
	<property name="websphere.user" value="admin"/>
	<property name="websphere.password" value="Admin@123"/>

	<property name="app.path" value="/apps/IBM855/AutoDeployment/evoBrixX_MMIS_WAS_QA"/> 
	<property name="app.ear" value="evobrixx-mmis.ear"/>
	<property name="app.name" value="evobrixx-mmis"/>

	<!-- <echo message="WASHOME>${websphere.home}"/> -->
	<path id="websphere.path">
		<fileset dir="/apps/IBM855/WebSphere/AppServer/lib" includes="j2ee.jar,wsanttasks.jar,wsprofile.jar"/>
		<path location="/apps/IBM855/WebSphere/AppServer/properties"/>
		<pathelement path="/usr/java/jdk1.8.0_131/lib/tools.jar"/>
		<path refid="3rdparty.path"/>
	</path>

	<target name="all">
	    <antcall target="wsStopApplication"/>
		<!-- <antcall target="wsUninstallApplication"/> -->
		<antcall target="wsInstallApplication"/>
		<!-- <antcall target="wsUpdateApplication"/> -->
		<!-- <antcall target="wsStopServer"/> -->
		<!-- <antcall target="wsStartServer"/> -->
		<antcall target="wsStartApplication"/>
	</target>
	
    <taskdef name="wsListApps" classname="com.ibm.websphere.ant.tasks.ListApplications"/>
	<taskdef name="wsStartApp" classname="com.ibm.websphere.ant.tasks.StartApplication"/>
	<taskdef name="wsStopApp" classname="com.ibm.websphere.ant.tasks.StopApplication"/>
	<taskdef name="wsInstallApp" classname="com.ibm.websphere.ant.tasks.InstallApplication"/>
	<taskdef name="wsUninstallApp" classname="com.ibm.websphere.ant.tasks.UninstallApplication"/>
	<taskdef name="wsStartServer" classname="com.ibm.websphere.ant.tasks.StartServer"/>
	<taskdef name="wsStopServer" classname="com.ibm.websphere.ant.tasks.StopServer"/>
	<!-- <taskdef name="wsUpdateApp" classname="com.ibm.websphere.ant.tasks.UpdateApplication"/> -->

	<!-- <target name="mainxyz">
	  <antcall target="wsListApps"/>
	  <antcall target="wsStopApplication"/>
	  <antcall target="wsUninstallApplication"/>
	  <antcall target="wsInstallApplication"/>
	  <antcall target="wsStopServer"/>
	  <antcall target="wsStartServer"/>
	  <antcall target="wsListApps"/>
	</target> -->

	<target name="wsListApps">
		<wsListApps wasHome="${websphere.home}" profileName="${websphere.profileName}" 
 			    host="${websphere.host}" port="${websphere.port}" conntype="${websphere.conntype}" 
			    user="${websphere.user}" password="${websphere.password}" />
	</target>

	<target name="wsStartApplication">
		<echo>***********Starting Application ${app.name}</echo>
		<wsStartApp wasHome="${websphere.home}" server="${websphere.server}" node="${websphere.node}" application="${app.name}"  
 			    host="${websphere.host}" port="${websphere.port}" conntype="${websphere.conntype}" 
		 	    profileName="${websphere.profileName}" user="${websphere.user}" password="${websphere.password}" />
	</target>

	<target name="wsStopApplication">
		<echo>***********Stopping Application ${app.name}</echo>
		<wsStopApp wasHome="${websphere.home}" server="${websphere.server}" node="${websphere.node}" application="${app.name}"  
 			    host="${websphere.host}" port="${websphere.port}" conntype="${websphere.conntype}" 
		 	    profileName="${websphere.profileName}" user="${websphere.user}" password="${websphere.password}" />
	</target>

	<target name="wsInstallApplication">
		<echo>***********Installing Application ${app.path}/${app.ear}</echo>
		<wsInstallApp wasHome="${websphere.home}" ear="${app.path}/${app.ear}" 
	    options="-appname ${app.name} -usedefaultbindings -defaultbinding.virtual.host default_host -update" 
 			    host="${websphere.host}" port="${websphere.port}" conntype="${websphere.conntype}" 
		 	    profileName="${websphere.profileName}" user="${websphere.user}" password="${websphere.password}" /> 
	
		<!-- <wsInstallApp wasHome="${websphere.home}" ear="${app.path}/${app.ear}" options="-update -appname ${app.name}"
		<property name="app.webAppDisplayName" value="Claims Engine Portal"/>
		<property name="app.war" value="cld-ediengine-webapp.war"/>
		<property name="app.virtualHost" value="default_host"/>
		options="-appname ${app.name} {-usedefaultbindings -defaultbinding.virtual.host default_host}
				-MapWebModToVH {{'Claims Engine Portal' cld-ediengine-webapp.war,WEB-INF/web.xml default_host}}" -->
	
	</target>

	<target name="wsUninstallApplication">
		<echo>***********Uninstalling Application ${app.name}</echo>
		<wsUninstallApp wasHome="${websphere.home}"  application="${app.name}"  
 			    host="${websphere.host}" port="${websphere.port}" conntype="${websphere.conntype}" 
		 	    profileName="${websphere.profileName}" user="${websphere.user}" password="${websphere.password}" />
	</target>

   <target name="wsStartServer">
		<wsStartServer wasHome="${websphere.home}" server="${websphere.server}" profileName="${websphere.profileName}" 
			    noWait="true" quiet="false" fileEncoding="UTF8"
			    username="${websphere.user}" password="${websphere.password}" />
	</target>

	<target name="wsStopServer">
		<wsStopServer wasHome="${websphere.home}" server="${websphere.server}" profileName="${websphere.profileName}" 
			     conntype="${websphere.conntype}" port="${websphere.port}"
			    username="${websphere.user}" password="${websphere.password}" failonerror="true" fileEncoding="UTF8" />
	</target> 
	
	<!-- <target name="wsUpdateApplication">
		<echo>***********Updating Application ${app.path}/${app.ear}</echo>
		<wsUpdateApp wasHome="${websphere.home}" ear="${app.path}/${app.ear}" 
	    options="-appname ${app.name} -usedefaultbindings -defaultbinding.virtual.host default_host" 
 			    host="${websphere.host}" port="${websphere.port}" conntype="${websphere.conntype}" 
		 	    profileName="${websphere.profileName}" user="${websphere.user}" password="${websphere.password}" /> 
	</target> -->

	</project>