<?xml version="1.0" encoding="UTF-8" standalone="no"?>

<project basedir="." default="sonar" name="IL_Implementation_PLSQL" xmlns:sonar="antlib:org.sonar.ant">

	<property name="SONAR_ROOT" value="/app1/releaseteam/jenkins/jobs/IL_PLSQL"/>
	
                	<!-- SERVER ON A LOCAL HOST - Here we use the default sonar setup -->
                
                <!-- <property name="sonar.jdbc.url" value="jdbc:oracle:thin:@10.86.24.2:1521/sdrulitT" /> -->
              <property name="sonar.login" value="admin" />
                <property name="sonar.password" value="XXXXXXXX" />
                <!-- <property name="sonar.jdbc.username" value="PROD_SONAR_43" /> -->
                <!-- <property name="sonar.jdbc.password" value="{aes}gLq2TqprrkJTNsTn8O6QKQ==" /> -->
                <property name="sonar.host.url" value="XXXXXXXX" />
				<property name="sonar.projectName" value="IL_Implementation_PLSQL"/>
 				<property name="sonar.projectKey" value="IL_Implementation_PLSQL"/>   
 				<property name="sonar.projectVersion" value="1.0"/> 
 				<property name="sonar.language" value="plsql"/>
				<property name="sonar.sources" value="${SONAR_ROOT}/workspace"/>
				<property name="sonar.exclusions" value="**/*.xml,**/*.js,**/*.css,**/*.jsp,**/*.html,**/*.cs,**/*.php,**/*.java"/>
			
 			

 				   			<property name="sonar.projectBaseDir" value="${SONAR_ROOT}"/> 	
							<property name="sonar.java.binaries" value="/app1/releaseteam/jenkins/jobs/Sonar_Latest/workspace/CC/cld-help/target" />
 				<!--<property name="sonar.java.libraries" value="/app1/releaseteam/jenkins/jobs/Sonar_Latest/workspace/*.jar" />-->
                        

                <!-- Only Sonar properties must be set : -->		
                        
	
	<!-- sonarqube -->
				
                       <taskdef resource="org/sonar/ant/antlib.xml" uri="antlib:org.sonar.ant" >
				 <classpath path="/app1/releaseteam/jenkins/jobs/IL_PLSQL/sonarqube-ant-task-2.6.0.1426.jar"/> 
				</taskdef>   
                <target name="sonar">                
                <sonar:sonar>
                </sonar:sonar>          
                </target>
</project>

